"id","composer","composition","movement","ensemble","source","transcriber","catalog_name","seconds","armony"
1727,"Schubert","Piano Quintet in A major","2. Andante","Piano Quintet","European Archive","http://tirolmusic.blogspot.com/","OP114",447,"A+"
1728,"Schubert","Piano Quintet in A major","3. Scherzo: Presto","Piano Quintet","European Archive","http://tirolmusic.blogspot.com/","OP114",251,"A+"
1729,"Schubert","Piano Quintet in A major","4. Andantino - Allegretto","Piano Quintet","European Archive","http://tirolmusic.blogspot.com/","OP114",444,"A+"
1730,"Schubert","Piano Quintet in A major","5. Allegro giusto","Piano Quintet","European Archive","http://tirolmusic.blogspot.com/","OP114",368,"A+"
1733,"Schubert","Piano Sonata in A major","2. Andantino","Solo Piano","Museopen","Segundo G. Yogore","D959",546,"A+"
1734,"Schubert","Piano Sonata in A major","3. Scherzo. Allegro vivace","Solo Piano","Museopen","Segundo G. Yogore","D959",325,"A+"
1735,"Schubert","Piano Sonata in A major","4. Rondo. Allegretto","Solo Piano","Museopen","Segundo G. Yogore","D959",714,"A+"
1739,"Schubert","Piano Trio in B-flat major","4. Rondo. Allegro vivace","Piano Trio","European Archive","harfesoft.de","OP99",490,"A#+"
1742,"Schubert","String Quintet in C major","2. Adagio","Viola Quintet","European Archive","harfesoft.de","OP163",924,"C+"
1749,"Schubert","Piano Sonata in A minor","1. Moderato","Solo Piano","Museopen","Segundo G. Yogore","D845",696,"A-"
1750,"Schubert","Piano Sonata in A minor","2. Andante poco mosso","Solo Piano","Museopen","Segundo G. Yogore","D845",784,"A-"
1751,"Schubert","Piano Sonata in A minor","3. Scherzo. Allegro vivace - Trio. Un poco piu lento","Solo Piano","Museopen","Segundo G. Yogore","D845",475,"A-"
1752,"Schubert","Piano Sonata in A minor","4. Rondo. Allegro vivace","Solo Piano","Museopen","Segundo G. Yogore","D845",362,"A-"
1755,"Schubert","Piano Sonata in A minor","2. Andante","Solo Piano","Museopen","Segundo G. Yogore","D784",229,"A-"
1756,"Schubert","Piano Sonata in A minor","3. Allegro vivace","Solo Piano","Museopen","Segundo G. Yogore","D784",371,"A-"
1757,"Schubert","Piano Sonata in C minor","1. Allegro","Solo Piano","Museopen","Martin Charles Bucknall","D958",710,"C-"
1758,"Schubert","Piano Sonata in C minor","2. Adagio","Solo Piano","Museopen","Martin Charles Bucknall","D958",468,"C-"
1759,"Schubert","Piano Sonata in C minor","3. Menuetto and Trio","Solo Piano","Museopen","Martin Charles Bucknall","D958",194,"C-"
1760,"Schubert","Piano Sonata in C minor","4. Allegro","Solo Piano","Museopen","Martin Charles Bucknall","D958",655,"C-"
1763,"Schubert","4 Impromptus","1. Impromptu in F minor","Solo Piano","Charlie Albright","Jeruen Espino Dery","OP142",600,"F-"
1764,"Schubert","4 Impromptus","2. Impromptu in A-flat major","Solo Piano","Charlie Albright","Jeruen Espino Dery","OP142",438,"G#+"
1765,"Schubert","4 Impromptus","3. Impromptu in B-flat major","Solo Piano","Charlie Albright","Jeruen Espino Dery","OP142",676,"A#+"
1766,"Schubert","4 Impromptus","4. Impromptu in F minor","Solo Piano","Charlie Albright","Jeruen Espino Dery","OP142",427,"F-"
1768,"Schubert","Piano Sonata in A major","2. Andante","Solo Piano","Museopen","Segundo G. Yogore","D664",290,"A+"
1771,"Schubert","Piano Sonata in D-flat major","1. Allegro moderato","Solo Piano","Museopen","Segundo G. Yogore","D568",647,"C#+"
1772,"Schubert","Piano Sonata in D-flat major","2. Andante molto","Solo Piano","Museopen","Segundo G. Yogore","D568",417,"C#+"
1773,"Schubert","Piano Sonata in D-flat major","3. Menuetto. Allegretto","Solo Piano","Museopen","Segundo G. Yogore","D568",307,"C#+"
1775,"Schubert","Piano Sonata in D major","1. Allegro vivace","Solo Piano","Museopen","Segundo G. Yogore","D850",578,"D+"
1776,"Schubert","Piano Sonata in D major","2. Con moto","Solo Piano","Museopen","Segundo G. Yogore","D850",726,"D+"
1777,"Schubert","Piano Sonata in D major","3. Scherzo. Allegro vivace","Solo Piano","Museopen","Segundo G. Yogore","D850",629,"D+"
1788,"Mozart","String Quartet No 19 in C major","1. Adagio - Allegro","String Quartet","Museopen","Gunter R. Findenegg","K465",513,"C+"
1789,"Mozart","String Quartet No 19 in C major","2. Andante cantabile","String Quartet","Museopen","Gunter R. Findenegg","K465",461,"C+"
1790,"Mozart","String Quartet No 19 in C major","3. Menuetto. Allegro","String Quartet","Museopen","Gunter R. Findenegg","K465",323,"C+"
1791,"Mozart","String Quartet No 19 in C major","4. Allegro molto","String Quartet","Museopen","Gunter R. Findenegg","K465",351,"C+"
1792,"Mozart","String Quartet No 19 in C major","1. Adagio - Allegro","String Quartet","European Archive","Gunter R. Findenegg","K465",472,"C+"
1793,"Mozart","String Quartet No 19 in C major","2. Andante cantabile","String Quartet","European Archive","Gunter R. Findenegg","K465",504,"C+"
1805,"Mozart","String Quartet No 14 in G major","1. Allegro vivace assai","String Quartet","European Archive","Gunter R. Findenegg","K387",356,"G+"
1807,"Mozart","String Quartet No 14 in G major","3. Andante cantabile","String Quartet","European Archive","Gunter R. Findenegg","K387",444,"G+"
1811,"Mozart","Clarinet Quintet in A major","2. Larghetto","Clarinet Quintet","William McColl","Reinier B. Bakels","K581",489,"A+"
1812,"Mozart","Clarinet Quintet in A major","3. Menuetto","Clarinet Quintet","William McColl","Reinier B. Bakels","K581",466,"A+"
1813,"Mozart","Clarinet Quintet in A major","4. Allegretto con variazioni","Clarinet Quintet","William McColl","Reinier B. Bakels","K581",591,"A+"
1817,"Mozart","Serenade in E-flat major","2. Menuetto","Pairs Clarinet-Horn-Bassoon","Soni Ventorum Wind Quintet","Oliver Seely","K375",250,"D#+"
1818,"Mozart","Serenade in E-flat major","3. Adagio","Pairs Clarinet-Horn-Bassoon","Soni Ventorum Wind Quintet","Oliver Seely","K375",407,"D#+"
1819,"Mozart","Serenade in E-flat major","4. Menuetto","Pairs Clarinet-Horn-Bassoon","Soni Ventorum Wind Quintet","Oliver Seely","K375",177,"D#+"
1822,"Mozart","String Quartet No 15 in D minor","1. Allegro moderato","String Quartet","Museopen","Gunter R. Findenegg","K421",460,"D-"
1824,"Mozart","String Quartet No 15 in D minor","3. Menuetto and Trio. Allegretto","String Quartet","Museopen","Gunter R. Findenegg","K421",252,"D-"
1828,"Mozart","Piano Trio No 4 in E major","2. Andante grazioso","Piano Trio","European Archive","Michael Iscenko","K542",265,"E+"
1829,"Mozart","Piano Trio No 4 in E major","3. Allegro","Piano Trio","European Archive","Michael Iscenko","K542",421,"E+"
1835,"Mozart","String Quartet No 23 in F major","3. Menuetto. Allegretto","String Quartet","European Archive","Gunter R. Findenegg","K590",236,"F+"
1859,"Mozart","String Quartet No 18 in A major","2. Menuetto and Trio","String Quartet","European Archive","Gunter R. Findenegg","K464",392,"A+"
1872,"Mozart","Piano Trio No 3 in B-flat major","2. Larghetto","Piano Trio","European Archive","Michael Iscenko","K502",509,"A#+"
1873,"Mozart","Piano Trio No 3 in B-flat major","3. Allegretto","Piano Trio","European Archive","Michael Iscenko","K502",366,"A#+"
1876,"Mozart","Piano Trio No2 in G major","2. Andante","Piano Trio","European Archive","Michael Iscenko","K496",356,"G+"
1893,"Mozart","Piano Trio No 6 in G major","3. Allegretto","Piano Trio","European Archive","Michael Iscenko","K564",325,"G+"
1916,"Dvorak","String Quartet No 10 in E-flat major","1. Allegro ma non troppo","String Quartet","Museopen","Benjamin R. Tubb","OP51",675,"D#+"
1918,"Dvorak","String Quartet No 10 in E-flat major","3. Romanza","String Quartet","Museopen","Benjamin R. Tubb","OP51",367,"D#+"
1919,"Dvorak","String Quartet No 10 in E-flat major","4. Finale","String Quartet","Museopen","Benjamin R. Tubb","OP51",434,"D#+"
1922,"Dvorak","String Quartet No 10 in E-flat major","3. Romanza","String Quartet","European Archive","Benjamin R. Tubb","OP51",402,"D#+"
1923,"Dvorak","String Quartet No 10 in E-flat major","4. Finale","String Quartet","European Archive","Benjamin R. Tubb","OP51",393,"D#+"
1931,"Dvorak","String Quartet No 12 in F major","2. Lento","String Quartet","Museopen","Masahiro Ishii","OP96",471,"F+"
1932,"Dvorak","String Quartet No 12 in F major","3. Molto vivace","String Quartet","Museopen","Masahiro Ishii","OP96",250,"F+"
1933,"Dvorak","String Quartet No 12 in F major","4. Finale: vivace ma non troppo","String Quartet","Museopen","Masahiro Ishii","OP96",351,"F+"
2075,"Cambini","Wind Quintet No 1 in B-flat Major","1. Allegro maestoso","Wind Quintet","Soni Ventorum Wind Quintet","Oliver Seely","JOHN1",329,"A#+"
2076,"Cambini","Wind Quintet No 1 in B-flat Major","2. Larghetto cantabile","Wind Quintet","Soni Ventorum Wind Quintet","Oliver Seely","JOHN1",247,"A#+"
2077,"Cambini","Wind Quintet No 1 in B-flat Major","3. Rondo Allegretto grazioso","Wind Quintet","Soni Ventorum Wind Quintet","Oliver Seely","JOHN1",250,"A#+"
2078,"Cambini","Wind Quintet No 2 in D Minor","1. Allegro espressivo","Wind Quintet","Soni Ventorum Wind Quintet","Oliver Seely","JOHN2",355,"D-"
2079,"Cambini","Wind Quintet No 2 in D Minor","2. Larghetto sostenuto ma con moto","Wind Quintet","Soni Ventorum Wind Quintet","Oliver Seely","JOHN2",278,"D-"
2080,"Cambini","Wind Quintet No 2 in D Minor","3. Presto ma non tanto","Wind Quintet","Soni Ventorum Wind Quintet","Oliver Seely","JOHN2",233,"D-"
2081,"Cambini","Wind Quintet No 3 in F Major","1. Allegro maestoso","Wind Quintet","Soni Ventorum Wind Quintet","Oliver Seely","JOHN3",299,"F+"
2082,"Cambini","Wind Quintet No 3 in F Major","2. Larghetto sostenuto","Wind Quintet","Soni Ventorum Wind Quintet","Oliver Seely","JOHN3",341,"F+"
2083,"Cambini","Wind Quintet No 3 in F Major","3. Rondo Allegro con brio","Wind Quintet","Soni Ventorum Wind Quintet","Oliver Seely","JOHN3",245,"F+"
2104,"Haydn","Quartet No 53 in D major","1. Allegro moderato","String Quartet","Museopen","Andrew D. Lawson","OP64NO5",371,"D+"
2105,"Haydn","Quartet No 53 in D major","2. Adagio - Cantabile","String Quartet","Museopen","Andrew D. Lawson","OP64NO5",291,"D+"
2106,"Haydn","Quartet No 53 in D major","3. Menuetto: Allegretto","String Quartet","Museopen","Andrew D. Lawson","OP64NO5",226,"D+"
2112,"Brahms","Cello Sonata No 1 in E minor","1. Allegro non troppo","Accompanied Cello","Stefano Ligoratti","Eric L. Schissel","OP38",897,"E-"
2113,"Brahms","Cello Sonata No 1 in E minor","2. Allegretto quasi Menuetto","Accompanied Cello","Stefano Ligoratti","Eric L. Schissel","OP38",352,"E-"
2114,"Brahms","Cello Sonata No 1 in E minor","3. Allegro","Accompanied Cello","Stefano Ligoratti","Eric L. Schissel","OP38",403,"E-"
2116,"Brahms","Clarinet Sonata No 1 in F minor","1. Allegro appassionato","Accompanied Clarinet","Ben Redwine","clarinetinstitute","OP120NO1",410,"F-"
2117,"Brahms","Clarinet Sonata No 1 in F minor","2. Andante un poco Adagio","Accompanied Clarinet","Ben Redwine","clarinetinstitute","OP120NO1",266,"F-"
2118,"Brahms","Clarinet Sonata No 1 in F minor","3. Allegretto grazioso","Accompanied Clarinet","Ben Redwine","clarinetinstitute","OP120NO1",232,"F-"
2119,"Brahms","Clarinet Sonata No 1 in F minor","4. Vivace","Accompanied Clarinet","Ben Redwine","clarinetinstitute","OP120NO1",294,"F-"
2127,"Brahms","Serenade No 1 in D Major","2. Scherzo. Allegro non troppo","Wind and Strings Octet","European Archive","Oliver Seely","OP11",518,"D+"
2131,"Brahms","Serenade No 1 in D Major","6. Rondo. Allegro","Wind and Strings Octet","European Archive","Oliver Seely","OP11",274,"D+"
2138,"Brahms","String Quartet in C minor","2. Romanze: Poco adagio","String Quartet","European Archive","harfesoft.de","OP51NO1",429,"C-"
2140,"Brahms","String Quartet in C minor","4. Allegro","String Quartet","European Archive","harfesoft.de","OP51NO1",381,"C-"
2147,"Brahms","String Sextet No 2 in G major","4. Poco allegro","String Sextet","European Archive","harfesoft.de","OP36",501,"G+"
2148,"Brahms","Piano Quartet No 1 in G minor","1. Allegro","Piano Quartet","Roxana Pavel Goldstein","harfesoft.de","OP25",822,"G-"
2149,"Brahms","Piano Quartet No 1 in G minor","2. Intermezzo: Allegro ma non troppo","Piano Quartet","Roxana Pavel Goldstein","harfesoft.de","OP25",476,"G-"
2150,"Brahms","Piano Quartet No 1 in G minor","3. Andante con moto","Piano Quartet","Roxana Pavel Goldstein","harfesoft.de","OP25",599,"G-"
2151,"Brahms","Piano Quartet No 1 in G minor","4. Rondo alla Zingarese: Presto","Piano Quartet","Roxana Pavel Goldstein","harfesoft.de","OP25",533,"G-"
2154,"Brahms","String Sextet No 1 in B-flat major","1. Allegro ma non troppo","String Sextet","Carl Banner","harfesoft.de","OP18",894,"A#+"
2155,"Brahms","String Sextet No 1 in B-flat major","2. Andante, ma moderato","String Sextet","Carl Banner","harfesoft.de","OP18",606,"A#+"
2156,"Brahms","String Sextet No 1 in B-flat major","3. Scherzo. Allegro molto","String Sextet","Carl Banner","harfesoft.de","OP18",192,"A#+"
2157,"Brahms","String Sextet No 1 in B-flat major","4. Rondo: Poco Allegretto e grazioso","String Sextet","Carl Banner","harfesoft.de","OP18",661,"A#+"
2158,"Brahms","Horn Trio in E-flat major","1. Andante","Horn Piano Trio","European Archive","David Rothschild","OP40",482,"D#+"
2159,"Brahms","Horn Trio in E-flat major","2. Scherzo (Allegro)","Horn Piano Trio","European Archive","David Rothschild","OP40",466,"D#+"
2160,"Brahms","Horn Trio in E-flat major","3. Adagio mesto","Horn Piano Trio","European Archive","David Rothschild","OP40",446,"D#+"
2161,"Brahms","Horn Trio in E-flat major","4. Allegro con brio","Horn Piano Trio","European Archive","David Rothschild","OP40",397,"D#+"
2166,"Faure","Piano Quartet No 2 in G minor","1. Allegro molto moderato","Piano Quartet","European Archive","Gregory Richardson","OP45",639,"G-"
2167,"Faure","Piano Quartet No 2 in G minor","2. Allegro molto","Piano Quartet","European Archive","Gregory Richardson","OP45",193,"G-"
2168,"Faure","Piano Quartet No 2 in G minor","3. Adagio non troppo","Piano Quartet","European Archive","Gregory Richardson","OP45",612,"G-"
2169,"Faure","Piano Quartet No 2 in G minor","4. Allegro molto","Piano Quartet","European Archive","Gregory Richardson","OP45",519,"G-"
2177,"Ravel","String Quartet in F","1. Allegro moderato - tres doux","String Quartet","Musicians from Marlboro","Gregory Richardson","35",490,"F+"
2178,"Ravel","String Quartet in F","2. Assez vif - tres rythme","String Quartet","Musicians from Marlboro","Gregory Richardson","35",355,"F+"
2179,"Ravel","String Quartet in F","3. Tres lent","String Quartet","Musicians from Marlboro","Gregory Richardson","35",505,"F+"
2180,"Ravel","String Quartet in F","4. Vif et agite","String Quartet","Musicians from Marlboro","Gregory Richardson","35",293,"F+"
2186,"Bach","Violin Partita No 3 in E major","1. Preludio","Solo Violin","Oliver Colbentston","suzumidi","BWV1006",214,"E+"
2191,"Bach","Violin Partita No 3 in E major","6. Bourree","Solo Violin","Oliver Colbentston","suzumidi","BWV1006",102,"E+"
2194,"Bach","WTK I, No. 13: Prelude and Fugue in F-sharp major","1. Prelude","Solo Piano","Kimiko Ishizaka","www.bachcentral.com","BWV858",100,"F#+"
2195,"Bach","WTK I, No. 3: Prelude and Fugue in C-sharp major","2. Fugue","Solo Piano","Kimiko Ishizaka","www.bachcentral.com","BWV848",155,"C#+"
2196,"Bach","WTK I, No. 3: Prelude and Fugue in C-sharp major","1. Prelude","Solo Piano","Kimiko Ishizaka","www.bachcentral.com","BWV848",75,"C#+"
2198,"Bach","WTK I, No. 22: Prelude and Fugue in B-flat minor","2. Fugue","Solo Piano","Kimiko Ishizaka","www.bachcentral.com","BWV867",197,"A#-"
2200,"Bach","WTK I, No. 16: Prelude and Fugue in G minor","2. Fugue","Solo Piano","Kimiko Ishizaka","www.bachcentral.com","BWV861",113,"G-"
2201,"Bach","WTK I, No. 16: Prelude and Fugue in G minor","1. Prelude","Solo Piano","Kimiko Ishizaka","www.bachcentral.com","BWV861",134,"G-"
2202,"Bach","Partita in A minor","1. Allemande","Solo Flute","Scott Goff","David J. Grossman","BWV1013",181,"A-"
2203,"Bach","Partita in A minor","2. Corrente","Solo Flute","Scott Goff","David J. Grossman","BWV1013",156,"A-"
2204,"Bach","Partita in A minor","3. Sarabande","Solo Flute","Scott Goff","David J. Grossman","BWV1013",132,"A-"
2207,"Bach","WTK I, No. 10: Prelude and Fugue in E minor","2. Fugue","Solo Piano","Kimiko Ishizaka","www.bachcentral.com","BWV855",89,"E-"
2208,"Bach","WTK I, No. 10: Prelude and Fugue in E minor","1. Prelude","Solo Piano","Kimiko Ishizaka","www.bachcentral.com","BWV855",120,"E-"
2209,"Bach","WTK I, No. 4: Prelude and Fugue in C-sharp minor","2. Fugue","Solo Piano","Kimiko Ishizaka","www.bachcentral.com","BWV849",160,"C#-"
2210,"Bach","WTK I, No. 4: Prelude and Fugue in C-sharp minor","1. Prelude","Solo Piano","Kimiko Ishizaka","www.bachcentral.com","BWV849",178,"C#-"
2211,"Bach","WTK I, No. 12: Prelude and Fugue in F minor","2. Fugue","Solo Piano","Kimiko Ishizaka","www.bachcentral.com","BWV857",237,"F-"
2212,"Bach","WTK I, No. 12: Prelude and Fugue in F minor","1. Prelude","Solo Piano","Kimiko Ishizaka","www.bachcentral.com","BWV857",173,"F-"
2213,"Bach","WTK I, No. 2: Prelude and Fugue in C minor","2. Fugue","Solo Piano","Kimiko Ishizaka","www.bachcentral.com","BWV847",115,"C-"
2214,"Bach","WTK I, No. 2: Prelude and Fugue in C minor","1. Prelude","Solo Piano","Kimiko Ishizaka","www.bachcentral.com","BWV847",107,"C-"
2215,"Bach","WTK I, No. 1: Prelude and Fugue in C major","2. Fugue","Solo Piano","Kimiko Ishizaka","www.bachcentral.com","BWV846",116,"C+"
2217,"Bach","Cello Suite 3","1. Prelude","Solo Cello","European Archive","David J. Grossman","BWV1009",186,"C+"
2218,"Bach","Cello Suite 3","2. Allemande","Solo Cello","European Archive","David J. Grossman","BWV1009",199,"C+"
2219,"Bach","Cello Suite 3","3. Courante","Solo Cello","European Archive","David J. Grossman","BWV1009",260,"C+"
2220,"Bach","Cello Suite 3","4. Sarabande","Solo Cello","European Archive","David J. Grossman","BWV1009",302,"C+"
2221,"Bach","Cello Suite 3","5. Bouree","Solo Cello","European Archive","David J. Grossman","BWV1009",241,"C+"
2222,"Bach","Cello Suite 3","6. Gigue","Solo Cello","European Archive","David J. Grossman","BWV1009",202,"C+"
2224,"Bach","WTK I, No. 7: Prelude and Fugue in E-flat major","2. Fugue","Solo Piano","Kimiko Ishizaka","www.bachcentral.com","BWV852",108,"D#+"
2225,"Bach","WTK I, No. 7: Prelude and Fugue in E-flat major","1. Prelude","Solo Piano","Kimiko Ishizaka","www.bachcentral.com","BWV852",213,"D#+"
2227,"Bach","WTK I, No. 6: Prelude and Fugue in D minor","2. Fugue","Solo Piano","Kimiko Ishizaka","www.bachcentral.com","BWV851",129,"D-"
2228,"Bach","WTK I, No. 6: Prelude and Fugue in D minor","1. Prelude","Solo Piano","Kimiko Ishizaka","www.bachcentral.com","BWV851",98,"D-"
2229,"Bach","WTK I, No. 20: Prelude and Fugue in A minor","2. Fugue","Solo Piano","Kimiko Ishizaka","www.bachcentral.com","BWV865",244,"A-"
2230,"Bach","WTK I, No. 20: Prelude and Fugue in A minor","1. Prelude","Solo Piano","Kimiko Ishizaka","www.bachcentral.com","BWV865",84,"A-"
2231,"Bach","WTK I, No. 21: Prelude and Fugue in B-flat major","2. Fugue","Solo Piano","Kimiko Ishizaka","www.bachcentral.com","BWV866",115,"A#+"
2232,"Bach","WTK I, No. 21: Prelude and Fugue in B-flat major","1. Prelude","Solo Piano","Kimiko Ishizaka","www.bachcentral.com","BWV866",78,"A#+"
2234,"Bach","WTK I, No. 11: Prelude and Fugue in F major","1. Prelude","Solo Piano","Kimiko Ishizaka","www.bachcentral.com","BWV856",64,"F+"
2237,"Bach","WTK I, No. 23: Prelude and Fugue in B major","2. Fugue","Solo Piano","Kimiko Ishizaka","www.bachcentral.com","BWV868",109,"B+"
2238,"Bach","WTK I, No. 23: Prelude and Fugue in B major","1. Prelude","Solo Piano","Kimiko Ishizaka","www.bachcentral.com","BWV868",60,"B+"
2239,"Bach","WTK I, No. 17: Prelude and Fugue in A-flat major","2. Fugue","Solo Piano","Kimiko Ishizaka","www.bachcentral.com","BWV862",120,"G#+"
2240,"Bach","WTK I, No. 17: Prelude and Fugue in A-flat major","1. Prelude","Solo Piano","Kimiko Ishizaka","www.bachcentral.com","BWV862",92,"G#+"
2241,"Bach","Violin Sonata No 1 in G minor","1. Adagio","Solo Violin","European Archive","suzumidi","BWV1001",242,"G-"
2242,"Bach","Violin Sonata No 1 in G minor","2. Fuga","Solo Violin","European Archive","suzumidi","BWV1001",312,"G-"
2243,"Bach","Violin Sonata No 1 in G minor","3. Siciliana","Solo Violin","European Archive","suzumidi","BWV1001",193,"G-"
2244,"Bach","Violin Sonata No 1 in G minor","4. Presto","Solo Violin","European Archive","suzumidi","BWV1001",214,"G-"
2247,"Bach","WTK I, No. 9: Prelude and Fugue in E major","2. Fugue","Solo Piano","Kimiko Ishizaka","www.bachcentral.com","BWV854",81,"E+"
2248,"Bach","WTK I, No. 9: Prelude and Fugue in E major","1. Prelude","Solo Piano","Kimiko Ishizaka","www.bachcentral.com","BWV854",104,"E+"
2282,"Bach","Violin Sonata in B minor","1. Adagio","Violin and Harpsichord","Paul Pitman","suzumidi","BWV1014",313,"B-"
2283,"Bach","Violin Sonata in B minor","2. Allegro","Violin and Harpsichord","Paul Pitman","suzumidi","BWV1014",192,"B-"
2284,"Bach","Violin Sonata in B minor","3. Andante","Violin and Harpsichord","Paul Pitman","suzumidi","BWV1014",227,"B-"
2285,"Bach","Violin Sonata in B minor","4. Allegro","Violin and Harpsichord","Paul Pitman","suzumidi","BWV1014",225,"B-"
2288,"Bach","Violin Partita No 1 in B minor","2. Corrente","Solo Violin","John Garner","suzumidi","BWV1002",191,"B-"
2289,"Bach","Violin Partita No 1 in B minor","3. Sarabande","Solo Violin","John Garner","suzumidi","BWV1002",203,"B-"
2292,"Bach","WTK I, No. 19: Prelude and Fugue in A major","1. Prelude","Solo Piano","Kimiko Ishizaka","www.bachcentral.com","BWV864",91,"A+"
2293,"Bach","Cello Suite 4","1. Prelude","Solo Cello","European Archive","David J. Grossman","BWV1010",310,"D#+"
2294,"Bach","Cello Suite 4","2. Allemande","Solo Cello","European Archive","David J. Grossman","BWV1010",228,"D#+"
2295,"Bach","Cello Suite 4","3. Courante","Solo Cello","European Archive","David J. Grossman","BWV1010",259,"D#+"
2296,"Bach","Cello Suite 4","4. Sarabande","Solo Cello","European Archive","David J. Grossman","BWV1010",291,"D#+"
2297,"Bach","Cello Suite 4","5. Bouree","Solo Cello","European Archive","David J. Grossman","BWV1010",334,"D#+"
2298,"Bach","Cello Suite 4","6. Gigue","Solo Cello","European Archive","David J. Grossman","BWV1010",153,"D#+"
2300,"Bach","WTK I, No. 8: Prelude and Fugue in E-flat minor","1. Prelude","Solo Piano","Kimiko Ishizaka","www.bachcentral.com","BWV853",238,"D#-"
2302,"Bach","WTK I, No. 5: Prelude and Fugue in D major","2. Fugue","Solo Piano","Kimiko Ishizaka","www.bachcentral.com","BWV850",108,"D+"
2303,"Bach","WTK I, No. 5: Prelude and Fugue in D major","1. Prelude","Solo Piano","Kimiko Ishizaka","www.bachcentral.com","BWV850",92,"D+"
2304,"Bach","WTK I, No. 14: Prelude and Fugue in F-sharp minor","2. Fugue","Solo Piano","Kimiko Ishizaka","www.bachcentral.com","BWV859",196,"F#-"
2305,"Bach","WTK I, No. 14: Prelude and Fugue in F-sharp minor","1. Prelude","Solo Piano","Kimiko Ishizaka","www.bachcentral.com","BWV859",65,"F#-"
2307,"Bach","WTK I, No. 18: Prelude and Fugue in G-sharp minor","2. Fugue","Solo Piano","Kimiko Ishizaka","www.bachcentral.com","BWV863",137,"G#-"
2308,"Bach","WTK I, No. 18: Prelude and Fugue in G-sharp minor","1. Prelude","Solo Piano","Kimiko Ishizaka","www.bachcentral.com","BWV863",121,"G#-"
2310,"Bach","WTK I, No. 15: Prelude and Fugue in G major","1. Prelude","Solo Piano","Kimiko Ishizaka","www.bachcentral.com","BWV860",55,"G+"
2313,"Beethoven","String Quartet No 15 in A minor","1. Allegro","String Quartet","European Archive","suzumedia","OP132",593,"A-"
2314,"Beethoven","String Quartet No 15 in A minor","2. Allegro ma non tanto","String Quartet","European Archive","suzumedia","OP132",568,"A-"
2315,"Beethoven","String Quartet No 15 in A minor","3. Molto Adagio; Andante","String Quartet","European Archive","suzumedia","OP132",1069,"A-"
2318,"Beethoven","Trio in E-flat major","1. Allegro moderato","Clarinet-Cello-Piano Trio","Paul Pitman","harfesoft.de","OP38",641,"D#-"
2319,"Beethoven","Trio in E-flat major","2. Scherzo: Allegro ma non troppo","Clarinet-Cello-Piano Trio","Paul Pitman","harfesoft.de","OP38",620,"D#-"
2320,"Beethoven","Trio in E-flat major","3. Rondo: Allegro","Clarinet-Cello-Piano Trio","Paul Pitman","harfesoft.de","OP38",222,"D#-"
2322,"Beethoven","Piano Sonata No 23 in F minor","1. Allegro assai","Solo Piano","Paul Pitman","piano-midi.de","OP57",645,"F-"
2325,"Beethoven","Piano Sonata No 23 in F minor","1. Allegro assai","Solo Piano","European Archive","piano-midi.de","OP57",551,"F-"
2330,"Beethoven","Violin Sonata No 1 in D major","1. Allegro con brio","Accompanied Violin","Timothy Jones","Darren L. Slider","OP12NO1",532,"D+"
2334,"Beethoven","Violin Sonata No 8 in G major","1. Allegro assai","Accompanied Violin","Edward Auer","suzumedia","OP30NO3",409,"G+"
2335,"Beethoven","Violin Sonata No 8 in G major","2. Tempo di minuetto, ma molto moderato e grazioso","Accompanied Violin","Edward Auer","suzumedia","OP30NO3",422,"G+"
2336,"Beethoven","Violin Sonata No 8 in G major","3. Allegro vivace","Accompanied Violin","Edward Auer","suzumedia","OP30NO3",197,"G+"
2341,"Beethoven","Violin Sonata No 8 in G major","2. Tempo di minuetto, ma molto moderato e grazioso","Accompanied Violin","European Archive","suzumedia","OP30NO3",460,"G+"
2342,"Beethoven","Violin Sonata No 8 in G major","3. Allegro vivace","Accompanied Violin","European Archive","suzumedia","OP30NO3",192,"G+"
2343,"Beethoven","Piano Sonata No 14 in C-sharp minor","1. Adagio sostenuto","Solo Piano","Stefano Ligoratti","piano-midi.de","OP27NO2",332,"C#-"
2345,"Beethoven","Piano Sonata No 14 in C-sharp minor","3. Presto agitato","Solo Piano","Stefano Ligoratti","piano-midi.de","OP27NO2",443,"C#-"
2346,"Beethoven","Piano Sonata No 14 in C-sharp minor","1. Adagio sostenuto","Solo Piano","Paul Pitman","piano-midi.de","OP27NO2",335,"C#-"
2348,"Beethoven","Piano Sonata No 14 in C-sharp minor","3. Presto agitato","Solo Piano","Paul Pitman","piano-midi.de","OP27NO2",493,"C#-"
2350,"Beethoven","Piano Sonata No 14 in C-sharp minor","1. Adagio sostenuto","Solo Piano","Glen W. Prillaman","piano-midi.de","OP27NO2",276,"C#-"
2357,"Beethoven","Piano Sonata No 15 in D major","2. Andante","Solo Piano","Paul Pitman","piano-midi.de","OP28",357,"D+"
2358,"Beethoven","Piano Sonata No 15 in D major","3. Scherzo: Allegro vivace","Solo Piano","Paul Pitman","piano-midi.de","OP28",137,"D+"
2359,"Beethoven","Piano Sonata No 15 in D major","4. Rondo: Allegro ma non troppo","Solo Piano","Paul Pitman","piano-midi.de","OP28",304,"D+"
2364,"Beethoven","Piano Sonata No 15 in D major","4. Rondo: Allegro ma non troppo","Solo Piano","Karine Gilanyan","piano-midi.de","OP28",296,"D+"
2365,"Beethoven","String Quartet No 12 in E-flat major","1. Maestoso - Allegro","String Quartet","Pascal String Quartet","suzumedia","OP127",402,"D#+"
2366,"Beethoven","String Quartet No 12 in E-flat major","2. Adagio, ma non troppo e molto cantabile","String Quartet","Pascal String Quartet","suzumedia","OP127",941,"D#+"
2368,"Beethoven","String Quartet No 12 in E-flat major","4. Allegro","String Quartet","Pascal String Quartet","suzumedia","OP127",434,"D#+"
2371,"Beethoven","Piano Sonata No 9 in E major","2. Allegretto","Solo Piano","Paul Pitman","piano-midi.de","OP14NO1",205,"E+"
2372,"Beethoven","Piano Sonata No 9 in E major","3. Rondo - Allegro comodo","Solo Piano","Paul Pitman","piano-midi.de","OP14NO1",228,"E+"
2373,"Beethoven","Piano Sonata No 19 in G minor","1. Andante","Solo Piano","Paul Pitman","piano-midi.de","OP49NO1",318,"G-"
2374,"Beethoven","Piano Sonata No 19 in G minor","2. Rondo: Allegro","Solo Piano","Paul Pitman","piano-midi.de","OP49NO1",216,"G-"
2376,"Beethoven","String Quartet No 8 in E minor","1. Allegro","String Quartet","European Archive","suzumedia","OP59NO2",581,"E-"
2377,"Beethoven","String Quartet No 8 in E minor","2. Molto adagio","String Quartet","European Archive","suzumedia","OP59NO2",767,"E-"
2379,"Beethoven","String Quartet No 8 in E minor","4. Finale, Presto, alla breve","String Quartet","European Archive","suzumedia","OP59NO2",334,"E-"
2381,"Beethoven","String Quartet No 13 in B-flat major","1. Adagio, ma non troppo - Allegro","String Quartet","European Archive","suzumedia","OP130",560,"A#+"
2382,"Beethoven","String Quartet No 13 in B-flat major","2. Presto","String Quartet","European Archive","suzumedia","OP130",117,"A#+"
2383,"Beethoven","String Quartet No 13 in B-flat major","3. Andante con moto, ma non troppo. Poco scherzoso","String Quartet","European Archive","suzumedia","OP130",383,"A#+"
2384,"Beethoven","String Quartet No 13 in B-flat major","4. Alla danza tedesca. Allegro assai","String Quartet","European Archive","suzumedia","OP130",212,"A#+"
2388,"Beethoven","Piano Sonata No 17 in D minor","1. Largo - Allegro","Solo Piano","Paul Pitman","piano-midi.de","OP31NO2",473,"D-"
2389,"Beethoven","Piano Sonata No 17 in D minor","2. Adagio","Solo Piano","Paul Pitman","piano-midi.de","OP31NO2",449,"D-"
2390,"Beethoven","Piano Sonata No 17 in D minor","3. Allegretto","Solo Piano","Paul Pitman","piano-midi.de","OP31NO2",392,"D-"
2391,"Beethoven","Piano Sonata No 17 in D minor","1. Largo - Allegro","Solo Piano","Stefano Ligoratti","piano-midi.de","OP31NO2",473,"D-"
2392,"Beethoven","Piano Sonata No 17 in D minor","2. Adagio","Solo Piano","Stefano Ligoratti","piano-midi.de","OP31NO2",437,"D-"
2393,"Beethoven","Piano Sonata No 17 in D minor","3. Allegretto","Solo Piano","Stefano Ligoratti","piano-midi.de","OP31NO2",383,"D-"
2397,"Beethoven","Violin Sonata No 9 in A major","1. Adagio sostenuto - Presto","Accompanied Violin","Edward Auer","Darren L. Slider","OP47",623,"A+"
2398,"Beethoven","Violin Sonata No 9 in A major","2. Andante con variazioni","Accompanied Violin","Edward Auer","Darren L. Slider","OP47",910,"A+"
2403,"Beethoven","String Quartet No 1 in F Major","4. Allegro","String Quartet","European Archive","suzumedia","OP18NO1",358,"F+"
2404,"Beethoven","Piano Sonata No 20 in A-flat major","1. Moderato cantabile molto espressivo","Solo Piano","Paul Pitman","piano-midi.de","OP110",399,"G#+"
2405,"Beethoven","Piano Sonata No 20 in A-flat major","2. Allegro molto","Solo Piano","Paul Pitman","piano-midi.de","OP110",137,"G#+"
2406,"Beethoven","Piano Sonata No 20 in A-flat major","3. Adagio ma non troppo","Solo Piano","Paul Pitman","piano-midi.de","OP110",612,"D#+"
2410,"Beethoven","Piano Sonata No 13 in E-flat major","1. Andante - Allegro - Andante","Solo Piano","Paul Pitman","piano-midi.de","OP27NO1",313,"D#+"
2411,"Beethoven","Piano Sonata No 13 in E-flat major","2. Allegro molto e vivace","Solo Piano","Paul Pitman","piano-midi.de","OP27NO1",129,"D#+"
2415,"Beethoven","Sextet in E-flat major for Winds","2. Adagio","Pairs Clarinet-Horn-Bassoon","Skidmore Wind Ensemble","Edgard Bourgevin","OP71",227,"D#+"
2416,"Beethoven","Sextet in E-flat major for Winds","3. Menuetto. Quasi Allegretto - Trio","Pairs Clarinet-Horn-Bassoon","Skidmore Wind Ensemble","Edgard Bourgevin","OP71",139,"D#+"
2417,"Beethoven","Sextet in E-flat major for Winds","4. Rondo. Allegro","Pairs Clarinet-Horn-Bassoon","Skidmore Wind Ensemble","Edgard Bourgevin","OP71",227,"D#+"
2420,"Beethoven","Violin Sonata No 2 in A major","3. Allegro piacevole","Accompanied Violin","European Archive","Darren L. Slider","OP12NO2",236,"A+"
2422,"Beethoven","Piano Sonata No 1 in F minor","1. Allegro","Solo Piano","Paul Pitman","suzumidi","OP2NO1",241,"F-"
2423,"Beethoven","Piano Sonata No 1 in F minor","2. Adagio","Solo Piano","Paul Pitman","suzumidi","OP2NO1",297,"F-"
2424,"Beethoven","Piano Sonata No 1 in F minor","3. Menuetto","Solo Piano","Paul Pitman","suzumidi","OP2NO1",202,"F-"
2431,"Beethoven","String Quartet No 16 in F major","1. Allegretto","String Quartet","European Archive","suzumedia","OP135",320,"F+"
2432,"Beethoven","String Quartet No 16 in F major","2. Vivace","String Quartet","European Archive","suzumedia","OP135",193,"F+"
2433,"Beethoven","String Quartet No 16 in F major","3. Lento assai, cantante e tranquillo","String Quartet","European Archive","suzumedia","OP135",461,"F+"
2436,"Beethoven","Piano Sonata No 21 in C major","1. Allegro con brio","Solo Piano","Paul Pitman","piano-midi.de","OP53",684,"C+"
2441,"Beethoven","Piano Sonata No 29 in B-flat major","1. Allegro","Solo Piano","Paul Pitman","piano-midi.de","OP106",794,"A#+"
2442,"Beethoven","Piano Sonata No 29 in B-flat major","2. Scherzo: Assai vivace","Solo Piano","Paul Pitman","piano-midi.de","OP106",175,"A#+"
2443,"Beethoven","Piano Sonata No 29 in B-flat major","3. Adagio sostenuto","Solo Piano","Paul Pitman","piano-midi.de","OP106",1035,"A#+"
2444,"Beethoven","Piano Sonata No 29 in B-flat major","4. Introduzione: Largo...Allegro - Fuga: Allegro risoluto","Solo Piano","Paul Pitman","piano-midi.de","OP106",770,"A#+"
2451,"Beethoven","String Quartet No 6 in B-flat major","2. Adagio ma non troppo","String Quartet","Museopen","suzumedia","OP18NO6",421,"A#+"
2462,"Beethoven","Violin Sonata No 4 in A minor","2. Andante scherzoso, piu allegretto","Accompanied Violin","European Archive","Darren L. Slider","OP23",489,"A-"
2463,"Beethoven","Violin Sonata No 4 in A minor","3. Allegro molto","Accompanied Violin","European Archive","Darren L. Slider","OP23",309,"A-"
2466,"Beethoven","Violin Sonata No 4 in A minor","3. Allegro molto","Accompanied Violin","European Archive","Darren L. Slider","OP23",305,"A-"
2471,"Beethoven","Piano Sonata No 3 in C major","2. Adagio","Solo Piano","Paul Pitman","piano-midi.de","OP2NO3",453,"C+"
2472,"Beethoven","Piano Sonata No 3 in C major","3. Scherzo: Allegro","Solo Piano","Paul Pitman","piano-midi.de","OP2NO3",215,"C+"
2473,"Beethoven","Piano Sonata No 3 in C major","4. Allegro assai","Solo Piano","Paul Pitman","piano-midi.de","OP2NO3",335,"C+"
2476,"Beethoven","Piano Sonata No 3 in C major","2. Adagio","Solo Piano","Glen W. Prillaman","piano-midi.de","OP2NO3",474,"C+"
2477,"Beethoven","Piano Sonata No 3 in C major","3. Scherzo: Allegro","Solo Piano","Glen W. Prillaman","piano-midi.de","OP2NO3",220,"C+"
2478,"Beethoven","Piano Sonata No 3 in C major","4. Allegro assai","Solo Piano","Glen W. Prillaman","piano-midi.de","OP2NO3",319,"C+"
2480,"Beethoven","String Quartet No 5 in A major","1. Allegro","String Quartet","Pascal String Quartet","suzumedia","OP18NO5",395,"A+"
2481,"Beethoven","String Quartet No 5 in A major","2. Menuetto","String Quartet","Pascal String Quartet","suzumedia","OP18NO5",354,"A+"
2482,"Beethoven","String Quartet No 5 in A major","3. Andante cantabile (Theme with variations","String Quartet","Pascal String Quartet","suzumedia","OP18NO5",568,"A+"
2483,"Beethoven","String Quartet No 5 in A major","4. Allegro","String Quartet","Pascal String Quartet","suzumedia","OP18NO5",367,"A+"
2486,"Beethoven","Piano Sonata No 4 in E-flat major","2. Largo, con gran espressione","Solo Piano","Paul Pitman","piano-midi.de","OP7",448,"D#+"
2487,"Beethoven","Piano Sonata No 4 in E-flat major","3. Allegro","Solo Piano","Paul Pitman","piano-midi.de","OP7",339,"D#+"
2488,"Beethoven","Piano Sonata No 4 in E-flat major","4. Rondo: Poco allegretto e grazioso","Solo Piano","Paul Pitman","piano-midi.de","OP7",441,"D#+"
2490,"Beethoven","Piano Sonata No 4 in E-flat major","2. Largo, con gran espressione","Solo Piano","Konstantin Semilakovs","piano-midi.de","OP7",519,"D#+"
2491,"Beethoven","Piano Sonata No 4 in E-flat major","3. Allegro","Solo Piano","Konstantin Semilakovs","piano-midi.de","OP7",331,"D#+"
2492,"Beethoven","Piano Sonata No 4 in E-flat major","4. Rondo: Poco allegretto e grazioso","Solo Piano","Konstantin Semilakovs","piano-midi.de","OP7",480,"D#+"
2494,"Beethoven","String Quartet No 11 in F minor","1. Allegro con brio","String Quartet","Pascal String Quartet","suzumedia","OP95",297,"F-"
2497,"Beethoven","String Quartet No 11 in F minor","4. Larghetto espressivo; Allegretto agitato; Allegro","String Quartet","Pascal String Quartet","suzumedia","OP95",294,"F-"
2501,"Beethoven","Violin Sonata No 3 in E-flat major","2. Adagio con molta espressione","Accompanied Violin","Sayuri Yano","Darren L. Slider","OP12NO3",367,"D#+"
2502,"Beethoven","Violin Sonata No 3 in E-flat major","3. Rondo: Allegro molto","Accompanied Violin","Sayuri Yano","Darren L. Slider","OP12NO3",267,"D#+"
2504,"Beethoven","Octet in E-flat major for Winds","1. Allegro","Wind Octet","Soni Ventorum","Oliver Seely","OP103",460,"D#+"
2505,"Beethoven","Octet in E-flat major for Winds","2. Andante","Wind Octet","Soni Ventorum","Oliver Seely","OP103",489,"D#+"
2506,"Beethoven","Octet in E-flat major for Winds","3. Menuetto","Wind Octet","Soni Ventorum","Oliver Seely","OP103",187,"D#+"
2507,"Beethoven","Octet in E-flat major for Winds","4. Presto","Wind Octet","Soni Ventorum","Oliver Seely","OP103",217,"D#+"
2509,"Beethoven","Piano Sonata No 2 in A major","1. Allegro vivace","Solo Piano","Paul Pitman","piano-midi.de","OP2NO2",484,"A+"
2510,"Beethoven","Piano Sonata No 2 in A major","2. Largo appassionato","Solo Piano","Paul Pitman","piano-midi.de","OP2NO2",452,"A+"
2512,"Beethoven","Piano Sonata No 2 in A major","4. Rondo: Grazioso","Solo Piano","Paul Pitman","piano-midi.de","OP2NO2",423,"A+"
2514,"Beethoven","Piano Sonata No 2 in A major","2. Largo appassionato","Solo Piano","Michael Sikich","piano-midi.de","OP2NO2",405,"A+"
2516,"Beethoven","Piano Sonata No 2 in A major","4. Rondo: Grazioso","Solo Piano","Michael Sikich","piano-midi.de","OP2NO2",387,"A+"
2521,"Beethoven","Cello Sonata No. 3 in A major","1. Allegro ma non tanto","Accompanied Cello","Hielko Ubels","suzumedia","OP69",751,"A+"
2522,"Beethoven","Cello Sonata No. 3 in A major","2. Scherzo. Allegro molto","Accompanied Cello","Hielko Ubels","suzumedia","OP69",363,"A+"
2523,"Beethoven","Cello Sonata No. 3 in A major","3. Adagio cantabile - Allegro vivace","Accompanied Cello","Hielko Ubels","suzumedia","OP69",558,"A+"
2527,"Beethoven","Piano Sonata No 5 in C minor","1. Allegro molto e con brio","Solo Piano","Paul Pitman","piano-midi.de","OP10NO1",386,"C-"
2528,"Beethoven","Piano Sonata No 5 in C minor","2. Adagio molto","Solo Piano","Paul Pitman","piano-midi.de","OP10NO1",463,"C-"
2529,"Beethoven","Piano Sonata No 5 in C minor","3. Finale: Prestissimo","Solo Piano","Paul Pitman","piano-midi.de","OP10NO1",275,"C-"
2530,"Beethoven","Piano Sonata No 20 in C minor","1. Maestoso - Allegro con brio ed appassionato","Solo Piano","Paul Pitman","piano-midi.de","OP111",562,"C-"
2531,"Beethoven","Piano Sonata No 20 in C minor","2. Arietta: Adagio","Solo Piano","Paul Pitman","piano-midi.de","OP111",992,"C-"
2532,"Beethoven","Piano Sonata No 20 in C minor","1. Maestoso - Allegro con brio ed appassionato","Solo Piano","Neal O’Doan","piano-midi.de","OP111",548,"C-"
2533,"Beethoven","Piano Sonata No 20 in C minor","2. Arietta: Adagio","Solo Piano","Neal O’Doan","piano-midi.de","OP111",1067,"C-"
2537,"Beethoven","Piano Sonata No 20 in G major","1. Allegro ma non troppo","Solo Piano","Paul Pitman","piano-midi.de","OP49NO2",286,"G+"
2538,"Beethoven","Piano Sonata No 20 in G major","2. Tempo di Menuetto","Solo Piano","Paul Pitman","piano-midi.de","OP49NO2",212,"G+"
2540,"Beethoven","Piano Sonata No 28 in A major","1. Etwas lebhaft und mit der innigsten Empfindung","Solo Piano","Paul Pitman","piano-midi.de","OP101",263,"A+"
2542,"Beethoven","Piano Sonata No 28 in A major","3. Langsam und sehnsuchtsvoll","Solo Piano","Paul Pitman","piano-midi.de","OP101",650,"A+"
2550,"Beethoven","Piano Sonata No 24 in F-sharp major","2. Allegro vivace","Solo Piano","Paul Pitman","piano-midi.de","OP78",180,"F#+"
2555,"Beethoven","Piano Sonata No 30 in E major","1. Vivace ma non troppo / Adagio espresivo","Solo Piano","Paul Pitman","piano-midi.de","OP109",223,"E+"
2556,"Beethoven","Piano Sonata No 30 in E major","2. Prestissimo","Solo Piano","Paul Pitman","piano-midi.de","OP109",151,"E+"
2557,"Beethoven","Piano Sonata No 30 in E major","3. Gesangvoll, mit innigster Empfindung","Solo Piano","Paul Pitman","piano-midi.de","OP109",762,"E+"
2560,"Beethoven","String Quartet No 2 in G major","2. Adagio cantabile - Allegro - Tempo I","String Quartet","Pascal String Quartet","suzumedia","OP18NO2",379,"G+"
2562,"Beethoven","String Quartet No 2 in G major","4. Allegro molto, quasi presto","String Quartet","Pascal String Quartet","suzumedia","OP18NO2",330,"G+"
2564,"Beethoven","Piano Sonata No 11 in B-flat major","2. Adagio con molto espressione","Solo Piano","Paul Pitman","piano-midi.de","OP22",553,"A#+"
2566,"Beethoven","Piano Sonata No 11 in B-flat major","4. Rondo: Allegretto","Solo Piano","Paul Pitman","piano-midi.de","OP22",405,"A#+"
2567,"Beethoven","Piano Sonata No 27 in E minor","1. Mit Lebhaftigkeit und durchaus mit Empfindung und Ausdruck","Solo Piano","Paul Pitman","piano-midi.de","OP90",387,"E-"
2568,"Beethoven","Piano Sonata No 27 in E minor","2. Nicht zu geschwind und sehr singbar vorgetragen","Solo Piano","Paul Pitman","piano-midi.de","OP90",478,"E-"
2570,"Beethoven","Violin Sonata No 7 in C minor","1. Allegro con brio","Accompanied Violin","Chris Borovas","Darren L. Slider","OP30NO2",507,"C-"
2571,"Beethoven","Violin Sonata No 7 in C minor","2. Adagio cantibile","Accompanied Violin","Chris Borovas","Darren L. Slider","OP30NO2",540,"C-"
2572,"Beethoven","Violin Sonata No 7 in C minor","3. Scherzo: Allegro","Accompanied Violin","Chris Borovas","Darren L. Slider","OP30NO2",201,"C-"
2573,"Beethoven","Violin Sonata No 7 in C minor","4. Finale: Allegro; Presto","Accompanied Violin","Chris Borovas","Darren L. Slider","OP30NO2",340,"C-"
2575,"Beethoven","Piano Sonata No 8 in C minor","2. Adagio cantabile","Solo Piano","Paul Pitman","piano-midi.de","OP13",303,"C-"
2576,"Beethoven","Piano Sonata No 8 in C minor","3. Rondo: Allegro","Solo Piano","Paul Pitman","piano-midi.de","OP13",279,"C-"
2581,"Beethoven","Piano Sonata No 22 in F major","1. tempo d un menuetto","Solo Piano","Paul Pitman","piano-midi.de","OP54",345,"F+"
2582,"Beethoven","Piano Sonata No 22 in F major","2. Allegretto - Piu allegro","Solo Piano","Paul Pitman","piano-midi.de","OP54",398,"F+"
2586,"Beethoven","Cello Sonata No. 4 in C major","2. Adagio - Tempo d andante - Allegro vivace","Accompanied Cello","John Michel","suzumedia","OP102NO1",429,"C+"
2588,"Beethoven","Piano Sonata No 12 in A-flat major","1. Andante con variazioni","Solo Piano","Paul Pitman","piano-midi.de","OP26",522,"G#+"
2590,"Beethoven","Piano Sonata No 12 in A-flat major","3. Maestoso andante","Solo Piano","Paul Pitman","piano-midi.de","OP26",390,"G#+"
2591,"Beethoven","Piano Sonata No 12 in A-flat major","4. Allegro","Solo Piano","Paul Pitman","piano-midi.de","OP26",179,"G#+"
2593,"Beethoven","Piano Sonata No 18 in E-flat major","1. Allegro","Solo Piano","Paul Pitman","piano-midi.de","OP31NO3",512,"D#+"
2594,"Beethoven","Piano Sonata No 18 in E-flat major","2. Scherzo: Allegretto vivace","Solo Piano","Paul Pitman","piano-midi.de","OP31NO3",319,"D#+"
2595,"Beethoven","Piano Sonata No 18 in E-flat major","3. Menuetto. Moderato e grazioso","Solo Piano","Paul Pitman","piano-midi.de","OP31NO3",307,"D#+"
2596,"Beethoven","Piano Sonata No 18 in E-flat major","4. Presto","Solo Piano","Paul Pitman","piano-midi.de","OP31NO3",325,"D#+"
2603,"Beethoven","Piano Sonata No 26 in E-flat major","1. Das Lebewohl","Solo Piano","Shuwen Zhang","piano-midi.de","OP81NO1",418,"D#+"
2607,"Beethoven","Piano Sonata No 16 in G major","2. Adagio grazioso","Solo Piano","Paul Pitman","piano-midi.de","OP31NO1",673,"G+"
2608,"Beethoven","Piano Sonata No 16 in G major","3. Rondo, allegretto - presto","Solo Piano","Paul Pitman","piano-midi.de","OP31NO1",390,"G+"
2611,"Beethoven","Piano Sonata No 7 in D major","2. Largo e mesto","Solo Piano","Paul Pitman","piano-midi.de","OP10NO3",563,"D+"
2614,"Beethoven","Piano Sonata No 7 in D major","2. Largo e mesto","Solo Piano","Peter Bradley-Fulgoni","piano-midi.de","OP10NO3",635,"D+"
2618,"Beethoven","Piano Sonata No 6 in F major","1. Allegro","Solo Piano","Paul Pitman","piano-midi.de","OP10NO2",364,"F+"
2619,"Beethoven","Piano Sonata No 6 in F major","2. Allegretto","Solo Piano","Paul Pitman","piano-midi.de","OP10NO2",238,"F+"
2620,"Beethoven","Piano Sonata No 6 in F major","3. Presto","Solo Piano","Paul Pitman","piano-midi.de","OP10NO2",159,"F+"
2621,"Beethoven","String Quartet No 7 in F major","1. Allegro","String Quartet","European Archive","suzumedia","OP59NO1",648,"F+"
2622,"Beethoven","String Quartet No 7 in F major","2. Allegretto vivace e sempre scherzando","String Quartet","European Archive","suzumedia","OP59NO1",507,"F+"
2626,"Beethoven","Violin Sonata No 10 in G major","1. Allegro moderato","Accompanied Violin","Irrera Brothers","suzumedia","OP96",593,"G+"
2627,"Beethoven","Violin Sonata No 10 in G major","2. Adagio espressivo","Accompanied Violin","Irrera Brothers","suzumedia","OP96",323,"G+"
2628,"Beethoven","Violin Sonata No 10 in G major","3. Scherzo: Allegro - Trio","Accompanied Violin","Irrera Brothers","suzumedia","OP96",124,"G+"
2629,"Beethoven","Violin Sonata No 10 in G major","4. Poco allegretto","Accompanied Violin","Irrera Brothers","suzumedia","OP96",517,"G+"
2632,"Beethoven","Piano Sonata No 10 in G major","2. Andante","Solo Piano","Paul Pitman","piano-midi.de","OP14NO2",341,"G+"
2633,"Beethoven","Piano Sonata No 10 in G major","3. Scherzo: Allegro assai","Solo Piano","Paul Pitman","piano-midi.de","OP14NO2",227,"G+"
2659,"Bach","Violin Partita No 1 in B minor","6. Double","Solo Violin","John Garner","suzumidi","BWV1002",108,"B-"
2677,"Beethoven","Piano Sonata No 9 in E major","1. Allegro","Solo Piano","Paul Pitman","piano-midi.de","OP14NO1",445,"E+"
2678,"Beethoven","Piano Sonata No 10 in G major","1. Allegro","Solo Piano","Paul Pitman","piano-midi.de","OP14NO2",472,"G+"
